0,2016-01-01
1,2016-01-02
2,2016-01-03
10,2016-01-11
41,2016-02-11
79,2016-03-20
80,2016-03-21
119,2016-04-29
123,2016-05-03
124,2016-05-04
125,2016-05-05
199,2016-07-18
223,2016-08-11
225,2016-08-13
226,2016-08-14
227,2016-08-15
262,2016-09-19
265,2016-09-22
283,2016-10-10
307,2016-11-03
327,2016-11-23
357,2016-12-23
363,2016-12-29
364,2016-12-30
365,2016-12-31
366,2017-01-01
367,2017-01-02
368,2017-01-03
374,2017-01-09
407,2017-02-11
444,2017-03-20
484,2017-04-29
488,2017-05-03
489,2017-05-04
490,2017-05-05
